[
  {
    "query": "What does a new Internet advertising forecast show regarding paid search listings?",
    "topk": [
      {
        "rank": 1,
        "doc_index": 76,
        "doc_id": "hf-ag_news-train-00076",
        "title": "",
        "score": 0.7618429064750671
      },
      {
        "rank": 2,
        "doc_index": 215,
        "doc_id": "hf-ag_news-train-00215",
        "title": "",
        "score": 0.5244158506393433
      },
      {
        "rank": 3,
        "doc_index": 220,
        "doc_id": "hf-ag_news-train-00220",
        "title": "",
        "score": 0.5092020630836487
      },
      {
        "rank": 4,
        "doc_index": 26,
        "doc_id": "hf-ag_news-train-00026",
        "title": "",
        "score": 0.5090356469154358
      },
      {
        "rank": 5,
        "doc_index": 209,
        "doc_id": "hf-ag_news-train-00209",
        "title": "",
        "score": 0.5027773976325989
      },
      {
        "rank": 6,
        "doc_index": 20,
        "doc_id": "hf-ag_news-train-00020",
        "title": "",
        "score": 0.48148953914642334
      }
    ]
  },
  {
    "query": "What gives orange coral its glow?",
    "topk": [
      {
        "rank": 1,
        "doc_index": 228,
        "doc_id": "hf-ag_news-train-00228",
        "title": "",
        "score": 0.7044680714607239
      },
      {
        "rank": 2,
        "doc_index": 124,
        "doc_id": "hf-ag_news-train-00124",
        "title": "",
        "score": 0.4200347661972046
      },
      {
        "rank": 3,
        "doc_index": 246,
        "doc_id": "hf-ag_news-train-00246",
        "title": "",
        "score": 0.39360806345939636
      },
      {
        "rank": 4,
        "doc_index": 2,
        "doc_id": "hf-ag_news-train-00002",
        "title": "",
        "score": 0.3814513087272644
      },
      {
        "rank": 5,
        "doc_index": 52,
        "doc_id": "hf-ag_news-train-00052",
        "title": "",
        "score": 0.37694472074508667
      },
      {
        "rank": 6,
        "doc_index": 53,
        "doc_id": "hf-ag_news-train-00053",
        "title": "",
        "score": 0.37394988536834717
      }
    ]
  },
  {
    "query": "Why will people need to eat less meat?",
    "topk": [
      {
        "rank": 1,
        "doc_index": 223,
        "doc_id": "hf-ag_news-train-00223",
        "title": "",
        "score": 0.7000778317451477
      },
      {
        "rank": 2,
        "doc_index": 17,
        "doc_id": "hf-ag_news-train-00017",
        "title": "",
        "score": 0.44710490107536316
      },
      {
        "rank": 3,
        "doc_index": 165,
        "doc_id": "hf-ag_news-train-00165",
        "title": "",
        "score": 0.4453379511833191
      },
      {
        "rank": 4,
        "doc_index": 240,
        "doc_id": "hf-ag_news-train-00240",
        "title": "",
        "score": 0.43134793639183044
      },
      {
        "rank": 5,
        "doc_index": 231,
        "doc_id": "hf-ag_news-train-00231",
        "title": "",
        "score": 0.4303629994392395
      },
      {
        "rank": 6,
        "doc_index": 120,
        "doc_id": "hf-ag_news-train-00120",
        "title": "",
        "score": 0.4291798174381256
      }
    ]
  },
  {
    "query": "Where is the pit with the world's believed deepest vertical drop located?",
    "topk": [
      {
        "rank": 1,
        "doc_index": 136,
        "doc_id": "hf-ag_news-train-00136",
        "title": "",
        "score": 0.6907688975334167
      },
      {
        "rank": 2,
        "doc_index": 114,
        "doc_id": "hf-ag_news-train-00114",
        "title": "",
        "score": 0.35757434368133545
      },
      {
        "rank": 3,
        "doc_index": 144,
        "doc_id": "hf-ag_news-train-00144",
        "title": "",
        "score": 0.3556917905807495
      },
      {
        "rank": 4,
        "doc_index": 146,
        "doc_id": "hf-ag_news-train-00146",
        "title": "",
        "score": 0.34328144788742065
      },
      {
        "rank": 5,
        "doc_index": 111,
        "doc_id": "hf-ag_news-train-00111",
        "title": "",
        "score": 0.3267570734024048
      },
      {
        "rank": 6,
        "doc_index": 105,
        "doc_id": "hf-ag_news-train-00105",
        "title": "",
        "score": 0.3184609115123749
      }
    ]
  },
  {
    "query": "According to the APMF survey, which destination is currently leading as the best Asian tourism destination?",
    "topk": [
      {
        "rank": 1,
        "doc_index": 64,
        "doc_id": "hf-ag_news-train-00064",
        "title": "",
        "score": 0.7499635219573975
      },
      {
        "rank": 2,
        "doc_index": 65,
        "doc_id": "hf-ag_news-train-00065",
        "title": "",
        "score": 0.6270596981048584
      },
      {
        "rank": 3,
        "doc_index": 58,
        "doc_id": "hf-ag_news-train-00058",
        "title": "",
        "score": 0.3946525752544403
      },
      {
        "rank": 4,
        "doc_index": 61,
        "doc_id": "hf-ag_news-train-00061",
        "title": "",
        "score": 0.358623743057251
      },
      {
        "rank": 5,
        "doc_index": 132,
        "doc_id": "hf-ag_news-train-00132",
        "title": "",
        "score": 0.3460533618927002
      },
      {
        "rank": 6,
        "doc_index": 111,
        "doc_id": "hf-ag_news-train-00111",
        "title": "",
        "score": 0.3306502103805542
      }
    ]
  }
]