[
  {
    "id": "hf-ag_news-train-00000",
    "title": "",
    "len": 144
  },
  {
    "id": "hf-ag_news-train-00001",
    "title": "",
    "len": 266
  },
  {
    "id": "hf-ag_news-train-00002",
    "title": "",
    "len": 232
  },
  {
    "id": "hf-ag_news-train-00003",
    "title": "",
    "len": 256
  },
  {
    "id": "hf-ag_news-train-00004",
    "title": "",
    "len": 234
  },
  {
    "id": "hf-ag_news-train-00005",
    "title": "",
    "len": 239
  },
  {
    "id": "hf-ag_news-train-00006",
    "title": "",
    "len": 215
  },
  {
    "id": "hf-ag_news-train-00007",
    "title": "",
    "len": 252
  },
  {
    "id": "hf-ag_news-train-00008",
    "title": "",
    "len": 414
  },
  {
    "id": "hf-ag_news-train-00009",
    "title": "",
    "len": 147
  },
  {
    "id": "hf-ag_news-train-00010",
    "title": "",
    "len": 237
  },
  {
    "id": "hf-ag_news-train-00011",
    "title": "",
    "len": 272
  },
  {
    "id": "hf-ag_news-train-00012",
    "title": "",
    "len": 201
  },
  {
    "id": "hf-ag_news-train-00013",
    "title": "",
    "len": 264
  },
  {
    "id": "hf-ag_news-train-00014",
    "title": "",
    "len": 266
  },
  {
    "id": "hf-ag_news-train-00015",
    "title": "",
    "len": 149
  },
  {
    "id": "hf-ag_news-train-00016",
    "title": "",
    "len": 149
  },
  {
    "id": "hf-ag_news-train-00017",
    "title": "",
    "len": 261
  },
  {
    "id": "hf-ag_news-train-00018",
    "title": "",
    "len": 155
  },
  {
    "id": "hf-ag_news-train-00019",
    "title": "",
    "len": 155
  },
  {
    "id": "hf-ag_news-train-00020",
    "title": "",
    "len": 171
  },
  {
    "id": "hf-ag_news-train-00021",
    "title": "",
    "len": 161
  },
  {
    "id": "hf-ag_news-train-00022",
    "title": "",
    "len": 130
  },
  {
    "id": "hf-ag_news-train-00023",
    "title": "",
    "len": 162
  },
  {
    "id": "hf-ag_news-train-00024",
    "title": "",
    "len": 144
  },
  {
    "id": "hf-ag_news-train-00025",
    "title": "",
    "len": 158
  },
  {
    "id": "hf-ag_news-train-00026",
    "title": "",
    "len": 154
  },
  {
    "id": "hf-ag_news-train-00027",
    "title": "",
    "len": 179
  },
  {
    "id": "hf-ag_news-train-00028",
    "title": "",
    "len": 157
  },
  {
    "id": "hf-ag_news-train-00029",
    "title": "",
    "len": 156
  },
  {
    "id": "hf-ag_news-train-00030",
    "title": "",
    "len": 146
  },
  {
    "id": "hf-ag_news-train-00031",
    "title": "",
    "len": 172
  },
  {
    "id": "hf-ag_news-train-00032",
    "title": "",
    "len": 161
  },
  {
    "id": "hf-ag_news-train-00033",
    "title": "",
    "len": 166
  },
  {
    "id": "hf-ag_news-train-00034",
    "title": "",
    "len": 151
  },
  {
    "id": "hf-ag_news-train-00035",
    "title": "",
    "len": 176
  },
  {
    "id": "hf-ag_news-train-00036",
    "title": "",
    "len": 228
  },
  {
    "id": "hf-ag_news-train-00037",
    "title": "",
    "len": 281
  },
  {
    "id": "hf-ag_news-train-00038",
    "title": "",
    "len": 354
  },
  {
    "id": "hf-ag_news-train-00039",
    "title": "",
    "len": 416
  },
  {
    "id": "hf-ag_news-train-00040",
    "title": "",
    "len": 391
  },
  {
    "id": "hf-ag_news-train-00041",
    "title": "",
    "len": 258
  },
  {
    "id": "hf-ag_news-train-00042",
    "title": "",
    "len": 241
  },
  {
    "id": "hf-ag_news-train-00043",
    "title": "",
    "len": 292
  },
  {
    "id": "hf-ag_news-train-00044",
    "title": "",
    "len": 307
  },
  {
    "id": "hf-ag_news-train-00045",
    "title": "",
    "len": 198
  },
  {
    "id": "hf-ag_news-train-00046",
    "title": "",
    "len": 159
  },
  {
    "id": "hf-ag_news-train-00047",
    "title": "",
    "len": 206
  },
  {
    "id": "hf-ag_news-train-00048",
    "title": "",
    "len": 202
  },
  {
    "id": "hf-ag_news-train-00049",
    "title": "",
    "len": 109
  },
  {
    "id": "hf-ag_news-train-00050",
    "title": "",
    "len": 112
  },
  {
    "id": "hf-ag_news-train-00051",
    "title": "",
    "len": 114
  },
  {
    "id": "hf-ag_news-train-00052",
    "title": "",
    "len": 155
  },
  {
    "id": "hf-ag_news-train-00053",
    "title": "",
    "len": 168
  },
  {
    "id": "hf-ag_news-train-00054",
    "title": "",
    "len": 114
  },
  {
    "id": "hf-ag_news-train-00055",
    "title": "",
    "len": 100
  },
  {
    "id": "hf-ag_news-train-00056",
    "title": "",
    "len": 138
  },
  {
    "id": "hf-ag_news-train-00057",
    "title": "",
    "len": 116
  },
  {
    "id": "hf-ag_news-train-00058",
    "title": "",
    "len": 309
  },
  {
    "id": "hf-ag_news-train-00059",
    "title": "",
    "len": 498
  },
  {
    "id": "hf-ag_news-train-00060",
    "title": "",
    "len": 243
  },
  {
    "id": "hf-ag_news-train-00061",
    "title": "",
    "len": 504
  },
  {
    "id": "hf-ag_news-train-00062",
    "title": "",
    "len": 299
  },
  {
    "id": "hf-ag_news-train-00063",
    "title": "",
    "len": 291
  },
  {
    "id": "hf-ag_news-train-00064",
    "title": "",
    "len": 332
  },
  {
    "id": "hf-ag_news-train-00065",
    "title": "",
    "len": 375
  },
  {
    "id": "hf-ag_news-train-00066",
    "title": "",
    "len": 375
  },
  {
    "id": "hf-ag_news-train-00067",
    "title": "",
    "len": 333
  },
  {
    "id": "hf-ag_news-train-00068",
    "title": "",
    "len": 230
  },
  {
    "id": "hf-ag_news-train-00069",
    "title": "",
    "len": 441
  },
  {
    "id": "hf-ag_news-train-00070",
    "title": "",
    "len": 326
  },
  {
    "id": "hf-ag_news-train-00071",
    "title": "",
    "len": 261
  },
  {
    "id": "hf-ag_news-train-00072",
    "title": "",
    "len": 239
  },
  {
    "id": "hf-ag_news-train-00073",
    "title": "",
    "len": 268
  },
  {
    "id": "hf-ag_news-train-00074",
    "title": "",
    "len": 225
  },
  {
    "id": "hf-ag_news-train-00075",
    "title": "",
    "len": 268
  },
  {
    "id": "hf-ag_news-train-00076",
    "title": "",
    "len": 195
  },
  {
    "id": "hf-ag_news-train-00077",
    "title": "",
    "len": 247
  },
  {
    "id": "hf-ag_news-train-00078",
    "title": "",
    "len": 311
  },
  {
    "id": "hf-ag_news-train-00079",
    "title": "",
    "len": 320
  },
  {
    "id": "hf-ag_news-train-00080",
    "title": "",
    "len": 237
  },
  {
    "id": "hf-ag_news-train-00081",
    "title": "",
    "len": 301
  },
  {
    "id": "hf-ag_news-train-00082",
    "title": "",
    "len": 282
  },
  {
    "id": "hf-ag_news-train-00083",
    "title": "",
    "len": 253
  },
  {
    "id": "hf-ag_news-train-00084",
    "title": "",
    "len": 180
  },
  {
    "id": "hf-ag_news-train-00085",
    "title": "",
    "len": 103
  },
  {
    "id": "hf-ag_news-train-00086",
    "title": "",
    "len": 303
  },
  {
    "id": "hf-ag_news-train-00087",
    "title": "",
    "len": 137
  },
  {
    "id": "hf-ag_news-train-00088",
    "title": "",
    "len": 216
  },
  {
    "id": "hf-ag_news-train-00089",
    "title": "",
    "len": 256
  },
  {
    "id": "hf-ag_news-train-00090",
    "title": "",
    "len": 310
  },
  {
    "id": "hf-ag_news-train-00091",
    "title": "",
    "len": 249
  },
  {
    "id": "hf-ag_news-train-00092",
    "title": "",
    "len": 231
  },
  {
    "id": "hf-ag_news-train-00093",
    "title": "",
    "len": 211
  },
  {
    "id": "hf-ag_news-train-00094",
    "title": "",
    "len": 270
  },
  {
    "id": "hf-ag_news-train-00095",
    "title": "",
    "len": 218
  },
  {
    "id": "hf-ag_news-train-00096",
    "title": "",
    "len": 149
  },
  {
    "id": "hf-ag_news-train-00097",
    "title": "",
    "len": 143
  },
  {
    "id": "hf-ag_news-train-00098",
    "title": "",
    "len": 250
  },
  {
    "id": "hf-ag_news-train-00099",
    "title": "",
    "len": 338
  },
  {
    "id": "hf-ag_news-train-00100",
    "title": "",
    "len": 269
  },
  {
    "id": "hf-ag_news-train-00101",
    "title": "",
    "len": 284
  },
  {
    "id": "hf-ag_news-train-00102",
    "title": "",
    "len": 267
  },
  {
    "id": "hf-ag_news-train-00103",
    "title": "",
    "len": 312
  },
  {
    "id": "hf-ag_news-train-00104",
    "title": "",
    "len": 261
  },
  {
    "id": "hf-ag_news-train-00105",
    "title": "",
    "len": 179
  },
  {
    "id": "hf-ag_news-train-00106",
    "title": "",
    "len": 233
  },
  {
    "id": "hf-ag_news-train-00107",
    "title": "",
    "len": 284
  },
  {
    "id": "hf-ag_news-train-00108",
    "title": "",
    "len": 282
  },
  {
    "id": "hf-ag_news-train-00109",
    "title": "",
    "len": 243
  },
  {
    "id": "hf-ag_news-train-00110",
    "title": "",
    "len": 277
  },
  {
    "id": "hf-ag_news-train-00111",
    "title": "",
    "len": 328
  },
  {
    "id": "hf-ag_news-train-00112",
    "title": "",
    "len": 176
  },
  {
    "id": "hf-ag_news-train-00113",
    "title": "",
    "len": 155
  },
  {
    "id": "hf-ag_news-train-00114",
    "title": "",
    "len": 219
  },
  {
    "id": "hf-ag_news-train-00115",
    "title": "",
    "len": 230
  },
  {
    "id": "hf-ag_news-train-00116",
    "title": "",
    "len": 221
  },
  {
    "id": "hf-ag_news-train-00117",
    "title": "",
    "len": 267
  },
  {
    "id": "hf-ag_news-train-00118",
    "title": "",
    "len": 295
  },
  {
    "id": "hf-ag_news-train-00119",
    "title": "",
    "len": 228
  },
  {
    "id": "hf-ag_news-train-00120",
    "title": "",
    "len": 228
  },
  {
    "id": "hf-ag_news-train-00121",
    "title": "",
    "len": 312
  },
  {
    "id": "hf-ag_news-train-00122",
    "title": "",
    "len": 279
  },
  {
    "id": "hf-ag_news-train-00123",
    "title": "",
    "len": 239
  },
  {
    "id": "hf-ag_news-train-00124",
    "title": "",
    "len": 252
  },
  {
    "id": "hf-ag_news-train-00125",
    "title": "",
    "len": 305
  },
  {
    "id": "hf-ag_news-train-00126",
    "title": "",
    "len": 237
  },
  {
    "id": "hf-ag_news-train-00127",
    "title": "",
    "len": 216
  },
  {
    "id": "hf-ag_news-train-00128",
    "title": "",
    "len": 283
  },
  {
    "id": "hf-ag_news-train-00129",
    "title": "",
    "len": 238
  },
  {
    "id": "hf-ag_news-train-00130",
    "title": "",
    "len": 208
  },
  {
    "id": "hf-ag_news-train-00131",
    "title": "",
    "len": 305
  },
  {
    "id": "hf-ag_news-train-00132",
    "title": "",
    "len": 183
  },
  {
    "id": "hf-ag_news-train-00133",
    "title": "",
    "len": 247
  },
  {
    "id": "hf-ag_news-train-00134",
    "title": "",
    "len": 267
  },
  {
    "id": "hf-ag_news-train-00135",
    "title": "",
    "len": 166
  },
  {
    "id": "hf-ag_news-train-00136",
    "title": "",
    "len": 250
  },
  {
    "id": "hf-ag_news-train-00137",
    "title": "",
    "len": 197
  },
  {
    "id": "hf-ag_news-train-00138",
    "title": "",
    "len": 175
  },
  {
    "id": "hf-ag_news-train-00139",
    "title": "",
    "len": 273
  },
  {
    "id": "hf-ag_news-train-00140",
    "title": "",
    "len": 303
  },
  {
    "id": "hf-ag_news-train-00141",
    "title": "",
    "len": 348
  },
  {
    "id": "hf-ag_news-train-00142",
    "title": "",
    "len": 208
  },
  {
    "id": "hf-ag_news-train-00143",
    "title": "",
    "len": 217
  },
  {
    "id": "hf-ag_news-train-00144",
    "title": "",
    "len": 289
  },
  {
    "id": "hf-ag_news-train-00145",
    "title": "",
    "len": 258
  },
  {
    "id": "hf-ag_news-train-00146",
    "title": "",
    "len": 249
  },
  {
    "id": "hf-ag_news-train-00147",
    "title": "",
    "len": 260
  },
  {
    "id": "hf-ag_news-train-00148",
    "title": "",
    "len": 262
  },
  {
    "id": "hf-ag_news-train-00149",
    "title": "",
    "len": 272
  },
  {
    "id": "hf-ag_news-train-00150",
    "title": "",
    "len": 258
  },
  {
    "id": "hf-ag_news-train-00151",
    "title": "",
    "len": 156
  },
  {
    "id": "hf-ag_news-train-00152",
    "title": "",
    "len": 308
  },
  {
    "id": "hf-ag_news-train-00153",
    "title": "",
    "len": 274
  },
  {
    "id": "hf-ag_news-train-00154",
    "title": "",
    "len": 260
  },
  {
    "id": "hf-ag_news-train-00155",
    "title": "",
    "len": 310
  },
  {
    "id": "hf-ag_news-train-00156",
    "title": "",
    "len": 314
  },
  {
    "id": "hf-ag_news-train-00157",
    "title": "",
    "len": 238
  },
  {
    "id": "hf-ag_news-train-00158",
    "title": "",
    "len": 253
  },
  {
    "id": "hf-ag_news-train-00159",
    "title": "",
    "len": 588
  },
  {
    "id": "hf-ag_news-train-00160",
    "title": "",
    "len": 325
  },
  {
    "id": "hf-ag_news-train-00161",
    "title": "",
    "len": 294
  },
  {
    "id": "hf-ag_news-train-00162",
    "title": "",
    "len": 298
  },
  {
    "id": "hf-ag_news-train-00163",
    "title": "",
    "len": 651
  },
  {
    "id": "hf-ag_news-train-00164",
    "title": "",
    "len": 768
  },
  {
    "id": "hf-ag_news-train-00165",
    "title": "",
    "len": 491
  },
  {
    "id": "hf-ag_news-train-00166",
    "title": "",
    "len": 399
  },
  {
    "id": "hf-ag_news-train-00167",
    "title": "",
    "len": 763
  },
  {
    "id": "hf-ag_news-train-00168",
    "title": "",
    "len": 150
  },
  {
    "id": "hf-ag_news-train-00169",
    "title": "",
    "len": 738
  },
  {
    "id": "hf-ag_news-train-00170",
    "title": "",
    "len": 628
  },
  {
    "id": "hf-ag_news-train-00171",
    "title": "",
    "len": 693
  },
  {
    "id": "hf-ag_news-train-00172",
    "title": "",
    "len": 721
  },
  {
    "id": "hf-ag_news-train-00173",
    "title": "",
    "len": 730
  },
  {
    "id": "hf-ag_news-train-00174",
    "title": "",
    "len": 453
  },
  {
    "id": "hf-ag_news-train-00175",
    "title": "",
    "len": 737
  },
  {
    "id": "hf-ag_news-train-00176",
    "title": "",
    "len": 733
  },
  {
    "id": "hf-ag_news-train-00177",
    "title": "",
    "len": 694
  },
  {
    "id": "hf-ag_news-train-00178",
    "title": "",
    "len": 728
  },
  {
    "id": "hf-ag_news-train-00179",
    "title": "",
    "len": 263
  },
  {
    "id": "hf-ag_news-train-00180",
    "title": "",
    "len": 730
  },
  {
    "id": "hf-ag_news-train-00181",
    "title": "",
    "len": 620
  },
  {
    "id": "hf-ag_news-train-00182",
    "title": "",
    "len": 730
  },
  {
    "id": "hf-ag_news-train-00183",
    "title": "",
    "len": 731
  },
  {
    "id": "hf-ag_news-train-00184",
    "title": "",
    "len": 732
  },
  {
    "id": "hf-ag_news-train-00185",
    "title": "",
    "len": 120
  },
  {
    "id": "hf-ag_news-train-00186",
    "title": "",
    "len": 101
  },
  {
    "id": "hf-ag_news-train-00187",
    "title": "",
    "len": 103
  },
  {
    "id": "hf-ag_news-train-00188",
    "title": "",
    "len": 137
  },
  {
    "id": "hf-ag_news-train-00189",
    "title": "",
    "len": 131
  },
  {
    "id": "hf-ag_news-train-00190",
    "title": "",
    "len": 114
  },
  {
    "id": "hf-ag_news-train-00191",
    "title": "",
    "len": 126
  },
  {
    "id": "hf-ag_news-train-00192",
    "title": "",
    "len": 133
  },
  {
    "id": "hf-ag_news-train-00193",
    "title": "",
    "len": 136
  },
  {
    "id": "hf-ag_news-train-00194",
    "title": "",
    "len": 121
  },
  {
    "id": "hf-ag_news-train-00195",
    "title": "",
    "len": 134
  },
  {
    "id": "hf-ag_news-train-00196",
    "title": "",
    "len": 153
  },
  {
    "id": "hf-ag_news-train-00197",
    "title": "",
    "len": 113
  },
  {
    "id": "hf-ag_news-train-00198",
    "title": "",
    "len": 143
  },
  {
    "id": "hf-ag_news-train-00199",
    "title": "",
    "len": 139
  },
  {
    "id": "hf-ag_news-train-00200",
    "title": "",
    "len": 133
  },
  {
    "id": "hf-ag_news-train-00201",
    "title": "",
    "len": 147
  },
  {
    "id": "hf-ag_news-train-00202",
    "title": "",
    "len": 119
  },
  {
    "id": "hf-ag_news-train-00203",
    "title": "",
    "len": 325
  },
  {
    "id": "hf-ag_news-train-00204",
    "title": "",
    "len": 242
  },
  {
    "id": "hf-ag_news-train-00205",
    "title": "",
    "len": 333
  },
  {
    "id": "hf-ag_news-train-00206",
    "title": "",
    "len": 310
  },
  {
    "id": "hf-ag_news-train-00207",
    "title": "",
    "len": 287
  },
  {
    "id": "hf-ag_news-train-00208",
    "title": "",
    "len": 283
  },
  {
    "id": "hf-ag_news-train-00209",
    "title": "",
    "len": 316
  },
  {
    "id": "hf-ag_news-train-00210",
    "title": "",
    "len": 384
  },
  {
    "id": "hf-ag_news-train-00211",
    "title": "",
    "len": 325
  },
  {
    "id": "hf-ag_news-train-00212",
    "title": "",
    "len": 367
  },
  {
    "id": "hf-ag_news-train-00213",
    "title": "",
    "len": 280
  },
  {
    "id": "hf-ag_news-train-00214",
    "title": "",
    "len": 242
  },
  {
    "id": "hf-ag_news-train-00215",
    "title": "",
    "len": 408
  },
  {
    "id": "hf-ag_news-train-00216",
    "title": "",
    "len": 123
  },
  {
    "id": "hf-ag_news-train-00217",
    "title": "",
    "len": 193
  },
  {
    "id": "hf-ag_news-train-00218",
    "title": "",
    "len": 298
  },
  {
    "id": "hf-ag_news-train-00219",
    "title": "",
    "len": 343
  },
  {
    "id": "hf-ag_news-train-00220",
    "title": "",
    "len": 428
  },
  {
    "id": "hf-ag_news-train-00221",
    "title": "",
    "len": 301
  },
  {
    "id": "hf-ag_news-train-00222",
    "title": "",
    "len": 152
  },
  {
    "id": "hf-ag_news-train-00223",
    "title": "",
    "len": 140
  },
  {
    "id": "hf-ag_news-train-00224",
    "title": "",
    "len": 148
  },
  {
    "id": "hf-ag_news-train-00225",
    "title": "",
    "len": 136
  },
  {
    "id": "hf-ag_news-train-00226",
    "title": "",
    "len": 141
  },
  {
    "id": "hf-ag_news-train-00227",
    "title": "",
    "len": 144
  },
  {
    "id": "hf-ag_news-train-00228",
    "title": "",
    "len": 130
  },
  {
    "id": "hf-ag_news-train-00229",
    "title": "",
    "len": 125
  },
  {
    "id": "hf-ag_news-train-00230",
    "title": "",
    "len": 125
  },
  {
    "id": "hf-ag_news-train-00231",
    "title": "",
    "len": 135
  },
  {
    "id": "hf-ag_news-train-00232",
    "title": "",
    "len": 131
  },
  {
    "id": "hf-ag_news-train-00233",
    "title": "",
    "len": 122
  },
  {
    "id": "hf-ag_news-train-00234",
    "title": "",
    "len": 125
  },
  {
    "id": "hf-ag_news-train-00235",
    "title": "",
    "len": 128
  },
  {
    "id": "hf-ag_news-train-00236",
    "title": "",
    "len": 128
  },
  {
    "id": "hf-ag_news-train-00237",
    "title": "",
    "len": 132
  },
  {
    "id": "hf-ag_news-train-00238",
    "title": "",
    "len": 164
  },
  {
    "id": "hf-ag_news-train-00239",
    "title": "",
    "len": 260
  },
  {
    "id": "hf-ag_news-train-00240",
    "title": "",
    "len": 324
  },
  {
    "id": "hf-ag_news-train-00241",
    "title": "",
    "len": 218
  },
  {
    "id": "hf-ag_news-train-00242",
    "title": "",
    "len": 321
  },
  {
    "id": "hf-ag_news-train-00243",
    "title": "",
    "len": 316
  },
  {
    "id": "hf-ag_news-train-00244",
    "title": "",
    "len": 450
  },
  {
    "id": "hf-ag_news-train-00245",
    "title": "",
    "len": 466
  },
  {
    "id": "hf-ag_news-train-00246",
    "title": "",
    "len": 250
  },
  {
    "id": "hf-ag_news-train-00247",
    "title": "",
    "len": 159
  },
  {
    "id": "hf-ag_news-train-00248",
    "title": "",
    "len": 178
  },
  {
    "id": "hf-ag_news-train-00249",
    "title": "",
    "len": 202
  }
]