[
  {
    "query": "What does a new Internet advertising forecast show regarding paid search listings?",
    "topk": [
      {
        "rank": 1,
        "doc_index": 76,
        "doc_id": "hf-ag_news-train-00076",
        "title": "",
        "score": 0.8624083995819092
      },
      {
        "rank": 2,
        "doc_index": 215,
        "doc_id": "hf-ag_news-train-00215",
        "title": "",
        "score": 0.7801461815834045
      },
      {
        "rank": 3,
        "doc_index": 209,
        "doc_id": "hf-ag_news-train-00209",
        "title": "",
        "score": 0.7732653617858887
      },
      {
        "rank": 4,
        "doc_index": 26,
        "doc_id": "hf-ag_news-train-00026",
        "title": "",
        "score": 0.7732313275337219
      },
      {
        "rank": 5,
        "doc_index": 58,
        "doc_id": "hf-ag_news-train-00058",
        "title": "",
        "score": 0.771501898765564
      },
      {
        "rank": 6,
        "doc_index": 221,
        "doc_id": "hf-ag_news-train-00221",
        "title": "",
        "score": 0.7705416679382324
      }
    ]
  },
  {
    "query": "What gives orange coral its glow?",
    "topk": [
      {
        "rank": 1,
        "doc_index": 228,
        "doc_id": "hf-ag_news-train-00228",
        "title": "",
        "score": 0.8855628371238708
      },
      {
        "rank": 2,
        "doc_index": 246,
        "doc_id": "hf-ag_news-train-00246",
        "title": "",
        "score": 0.7704126834869385
      },
      {
        "rank": 3,
        "doc_index": 118,
        "doc_id": "hf-ag_news-train-00118",
        "title": "",
        "score": 0.7587171792984009
      },
      {
        "rank": 4,
        "doc_index": 151,
        "doc_id": "hf-ag_news-train-00151",
        "title": "",
        "score": 0.7513865232467651
      },
      {
        "rank": 5,
        "doc_index": 148,
        "doc_id": "hf-ag_news-train-00148",
        "title": "",
        "score": 0.7427119016647339
      },
      {
        "rank": 6,
        "doc_index": 152,
        "doc_id": "hf-ag_news-train-00152",
        "title": "",
        "score": 0.7424423694610596
      }
    ]
  },
  {
    "query": "Why will people need to eat less meat?",
    "topk": [
      {
        "rank": 1,
        "doc_index": 223,
        "doc_id": "hf-ag_news-train-00223",
        "title": "",
        "score": 0.8766899108886719
      },
      {
        "rank": 2,
        "doc_index": 236,
        "doc_id": "hf-ag_news-train-00236",
        "title": "",
        "score": 0.7835278511047363
      },
      {
        "rank": 3,
        "doc_index": 93,
        "doc_id": "hf-ag_news-train-00093",
        "title": "",
        "score": 0.774006187915802
      },
      {
        "rank": 4,
        "doc_index": 240,
        "doc_id": "hf-ag_news-train-00240",
        "title": "",
        "score": 0.7710619568824768
      },
      {
        "rank": 5,
        "doc_index": 246,
        "doc_id": "hf-ag_news-train-00246",
        "title": "",
        "score": 0.7682675719261169
      },
      {
        "rank": 6,
        "doc_index": 241,
        "doc_id": "hf-ag_news-train-00241",
        "title": "",
        "score": 0.7662836313247681
      }
    ]
  },
  {
    "query": "Where is the pit with the world's believed deepest vertical drop located?",
    "topk": [
      {
        "rank": 1,
        "doc_index": 136,
        "doc_id": "hf-ag_news-train-00136",
        "title": "",
        "score": 0.876816987991333
      },
      {
        "rank": 2,
        "doc_index": 144,
        "doc_id": "hf-ag_news-train-00144",
        "title": "",
        "score": 0.7369060516357422
      },
      {
        "rank": 3,
        "doc_index": 140,
        "doc_id": "hf-ag_news-train-00140",
        "title": "",
        "score": 0.7243303656578064
      },
      {
        "rank": 4,
        "doc_index": 146,
        "doc_id": "hf-ag_news-train-00146",
        "title": "",
        "score": 0.7239177823066711
      },
      {
        "rank": 5,
        "doc_index": 246,
        "doc_id": "hf-ag_news-train-00246",
        "title": "",
        "score": 0.7201182842254639
      },
      {
        "rank": 6,
        "doc_index": 105,
        "doc_id": "hf-ag_news-train-00105",
        "title": "",
        "score": 0.7177407741546631
      }
    ]
  },
  {
    "query": "According to the APMF survey, which destination is currently leading as the best Asian tourism destination?",
    "topk": [
      {
        "rank": 1,
        "doc_index": 64,
        "doc_id": "hf-ag_news-train-00064",
        "title": "",
        "score": 0.8848498463630676
      },
      {
        "rank": 2,
        "doc_index": 65,
        "doc_id": "hf-ag_news-train-00065",
        "title": "",
        "score": 0.8353577852249146
      },
      {
        "rank": 3,
        "doc_index": 58,
        "doc_id": "hf-ag_news-train-00058",
        "title": "",
        "score": 0.7295470237731934
      },
      {
        "rank": 4,
        "doc_index": 164,
        "doc_id": "hf-ag_news-train-00164",
        "title": "",
        "score": 0.7291489839553833
      },
      {
        "rank": 5,
        "doc_index": 61,
        "doc_id": "hf-ag_news-train-00061",
        "title": "",
        "score": 0.7145612835884094
      },
      {
        "rank": 6,
        "doc_index": 132,
        "doc_id": "hf-ag_news-train-00132",
        "title": "",
        "score": 0.7145575284957886
      }
    ]
  }
]