[
  {
    "query": "What does a new Internet advertising forecast show regarding paid search listings?",
    "topk": [
      {
        "rank": 1,
        "doc_index": 185,
        "doc_id": "hf-ag_news-train-00185",
        "title": "",
        "score": 0.41743695735931396
      },
      {
        "rank": 2,
        "doc_index": 224,
        "doc_id": "hf-ag_news-train-00224",
        "title": "",
        "score": 0.414845734834671
      },
      {
        "rank": 3,
        "doc_index": 161,
        "doc_id": "hf-ag_news-train-00161",
        "title": "",
        "score": 0.3870716392993927
      },
      {
        "rank": 4,
        "doc_index": 160,
        "doc_id": "hf-ag_news-train-00160",
        "title": "",
        "score": 0.3778778314590454
      },
      {
        "rank": 5,
        "doc_index": 115,
        "doc_id": "hf-ag_news-train-00115",
        "title": "",
        "score": 0.37545204162597656
      },
      {
        "rank": 6,
        "doc_index": 222,
        "doc_id": "hf-ag_news-train-00222",
        "title": "",
        "score": 0.3750241994857788
      }
    ]
  },
  {
    "query": "What gives orange coral its glow?",
    "topk": [
      {
        "rank": 1,
        "doc_index": 222,
        "doc_id": "hf-ag_news-train-00222",
        "title": "",
        "score": 0.5882980823516846
      },
      {
        "rank": 2,
        "doc_index": 159,
        "doc_id": "hf-ag_news-train-00159",
        "title": "",
        "score": 0.4837966859340668
      },
      {
        "rank": 3,
        "doc_index": 161,
        "doc_id": "hf-ag_news-train-00161",
        "title": "",
        "score": 0.4820554256439209
      },
      {
        "rank": 4,
        "doc_index": 177,
        "doc_id": "hf-ag_news-train-00177",
        "title": "",
        "score": 0.47749218344688416
      },
      {
        "rank": 5,
        "doc_index": 98,
        "doc_id": "hf-ag_news-train-00098",
        "title": "",
        "score": 0.4644242525100708
      },
      {
        "rank": 6,
        "doc_index": 220,
        "doc_id": "hf-ag_news-train-00220",
        "title": "",
        "score": 0.4573092460632324
      }
    ]
  },
  {
    "query": "Why will people need to eat less meat?",
    "topk": [
      {
        "rank": 1,
        "doc_index": 155,
        "doc_id": "hf-ag_news-train-00155",
        "title": "",
        "score": 0.4392428696155548
      },
      {
        "rank": 2,
        "doc_index": 33,
        "doc_id": "hf-ag_news-train-00033",
        "title": "",
        "score": 0.41656494140625
      },
      {
        "rank": 3,
        "doc_index": 0,
        "doc_id": "hf-ag_news-train-00000",
        "title": "",
        "score": 0.41364431381225586
      },
      {
        "rank": 4,
        "doc_index": 96,
        "doc_id": "hf-ag_news-train-00096",
        "title": "",
        "score": 0.4071478247642517
      },
      {
        "rank": 5,
        "doc_index": 26,
        "doc_id": "hf-ag_news-train-00026",
        "title": "",
        "score": 0.4065142273902893
      },
      {
        "rank": 6,
        "doc_index": 14,
        "doc_id": "hf-ag_news-train-00014",
        "title": "",
        "score": 0.3979666829109192
      }
    ]
  },
  {
    "query": "Where is the pit with the world's believed deepest vertical drop located?",
    "topk": [
      {
        "rank": 1,
        "doc_index": 242,
        "doc_id": "hf-ag_news-train-00242",
        "title": "",
        "score": 0.4942554235458374
      },
      {
        "rank": 2,
        "doc_index": 163,
        "doc_id": "hf-ag_news-train-00163",
        "title": "",
        "score": 0.46499335765838623
      },
      {
        "rank": 3,
        "doc_index": 145,
        "doc_id": "hf-ag_news-train-00145",
        "title": "",
        "score": 0.44596952199935913
      },
      {
        "rank": 4,
        "doc_index": 139,
        "doc_id": "hf-ag_news-train-00139",
        "title": "",
        "score": 0.44363468885421753
      },
      {
        "rank": 5,
        "doc_index": 0,
        "doc_id": "hf-ag_news-train-00000",
        "title": "",
        "score": 0.4367099702358246
      },
      {
        "rank": 6,
        "doc_index": 144,
        "doc_id": "hf-ag_news-train-00144",
        "title": "",
        "score": 0.43323254585266113
      }
    ]
  },
  {
    "query": "According to the APMF survey, which destination is currently leading as the best Asian tourism destination?",
    "topk": [
      {
        "rank": 1,
        "doc_index": 229,
        "doc_id": "hf-ag_news-train-00229",
        "title": "",
        "score": 0.5265672206878662
      },
      {
        "rank": 2,
        "doc_index": 132,
        "doc_id": "hf-ag_news-train-00132",
        "title": "",
        "score": 0.4885933995246887
      },
      {
        "rank": 3,
        "doc_index": 166,
        "doc_id": "hf-ag_news-train-00166",
        "title": "",
        "score": 0.4665081799030304
      },
      {
        "rank": 4,
        "doc_index": 125,
        "doc_id": "hf-ag_news-train-00125",
        "title": "",
        "score": 0.4442753195762634
      },
      {
        "rank": 5,
        "doc_index": 186,
        "doc_id": "hf-ag_news-train-00186",
        "title": "",
        "score": 0.4395979940891266
      },
      {
        "rank": 6,
        "doc_index": 19,
        "doc_id": "hf-ag_news-train-00019",
        "title": "",
        "score": 0.43477797508239746
      }
    ]
  }
]