{
  "model_id": "intfloat/e5-large-v2",
  "model_folder": "intfloat_e5-large-v2",
  "embedding_dim": 1024,
  "normalize_embeddings": true,
  "similarity": "cosine_via_inner_product",
  "instruction_prefix_used_for_queries": "query: ",
  "dataset_source": {
    "type": "huggingface",
    "dataset": "ag_news",
    "split": "train",
    "text_field": "text",
    "title_field": null,
    "sample_size": 250
  },
  "counts": {
    "rows": 250,
    "queries": 5
  },
  "created_utc": "2025-09-13T05:29:10.170487Z",
  "library": "sentence-transformers",
  "device_used": "cpu",
  "files": {
    "vectors": "vectors.npy",
    "faiss_index": "index.faiss",
    "docs": "docs.parquet",
    "web_manifest": "web/manifest-web.json"
  }
}