[
  {
    "query": "What does a new Internet advertising forecast show regarding paid search listings?",
    "topk": [
      {
        "rank": 1,
        "doc_index": 76,
        "doc_id": "hf-ag_news-train-00076",
        "title": "",
        "score": 0.8775156140327454
      },
      {
        "rank": 2,
        "doc_index": 215,
        "doc_id": "hf-ag_news-train-00215",
        "title": "",
        "score": 0.7918177843093872
      },
      {
        "rank": 3,
        "doc_index": 221,
        "doc_id": "hf-ag_news-train-00221",
        "title": "",
        "score": 0.7860978841781616
      },
      {
        "rank": 4,
        "doc_index": 36,
        "doc_id": "hf-ag_news-train-00036",
        "title": "",
        "score": 0.7771723866462708
      },
      {
        "rank": 5,
        "doc_index": 77,
        "doc_id": "hf-ag_news-train-00077",
        "title": "",
        "score": 0.7745764255523682
      },
      {
        "rank": 6,
        "doc_index": 220,
        "doc_id": "hf-ag_news-train-00220",
        "title": "",
        "score": 0.773181676864624
      }
    ]
  },
  {
    "query": "What gives orange coral its glow?",
    "topk": [
      {
        "rank": 1,
        "doc_index": 228,
        "doc_id": "hf-ag_news-train-00228",
        "title": "",
        "score": 0.880602240562439
      },
      {
        "rank": 2,
        "doc_index": 246,
        "doc_id": "hf-ag_news-train-00246",
        "title": "",
        "score": 0.768602728843689
      },
      {
        "rank": 3,
        "doc_index": 124,
        "doc_id": "hf-ag_news-train-00124",
        "title": "",
        "score": 0.7509574294090271
      },
      {
        "rank": 4,
        "doc_index": 118,
        "doc_id": "hf-ag_news-train-00118",
        "title": "",
        "score": 0.7458508610725403
      },
      {
        "rank": 5,
        "doc_index": 53,
        "doc_id": "hf-ag_news-train-00053",
        "title": "",
        "score": 0.7448297739028931
      },
      {
        "rank": 6,
        "doc_index": 121,
        "doc_id": "hf-ag_news-train-00121",
        "title": "",
        "score": 0.7436039447784424
      }
    ]
  },
  {
    "query": "Why will people need to eat less meat?",
    "topk": [
      {
        "rank": 1,
        "doc_index": 223,
        "doc_id": "hf-ag_news-train-00223",
        "title": "",
        "score": 0.8689960837364197
      },
      {
        "rank": 2,
        "doc_index": 237,
        "doc_id": "hf-ag_news-train-00237",
        "title": "",
        "score": 0.7687262296676636
      },
      {
        "rank": 3,
        "doc_index": 246,
        "doc_id": "hf-ag_news-train-00246",
        "title": "",
        "score": 0.7662851214408875
      },
      {
        "rank": 4,
        "doc_index": 236,
        "doc_id": "hf-ag_news-train-00236",
        "title": "",
        "score": 0.7652995586395264
      },
      {
        "rank": 5,
        "doc_index": 233,
        "doc_id": "hf-ag_news-train-00233",
        "title": "",
        "score": 0.7648568153381348
      },
      {
        "rank": 6,
        "doc_index": 231,
        "doc_id": "hf-ag_news-train-00231",
        "title": "",
        "score": 0.7625869512557983
      }
    ]
  },
  {
    "query": "Where is the pit with the world's believed deepest vertical drop located?",
    "topk": [
      {
        "rank": 1,
        "doc_index": 136,
        "doc_id": "hf-ag_news-train-00136",
        "title": "",
        "score": 0.8634711503982544
      },
      {
        "rank": 2,
        "doc_index": 144,
        "doc_id": "hf-ag_news-train-00144",
        "title": "",
        "score": 0.767340898513794
      },
      {
        "rank": 3,
        "doc_index": 133,
        "doc_id": "hf-ag_news-train-00133",
        "title": "",
        "score": 0.7539875507354736
      },
      {
        "rank": 4,
        "doc_index": 148,
        "doc_id": "hf-ag_news-train-00148",
        "title": "",
        "score": 0.7445120215415955
      },
      {
        "rank": 5,
        "doc_index": 246,
        "doc_id": "hf-ag_news-train-00246",
        "title": "",
        "score": 0.7393860816955566
      },
      {
        "rank": 6,
        "doc_index": 146,
        "doc_id": "hf-ag_news-train-00146",
        "title": "",
        "score": 0.7392928600311279
      }
    ]
  },
  {
    "query": "According to the APMF survey, which destination is currently leading as the best Asian tourism destination?",
    "topk": [
      {
        "rank": 1,
        "doc_index": 64,
        "doc_id": "hf-ag_news-train-00064",
        "title": "",
        "score": 0.9028481245040894
      },
      {
        "rank": 2,
        "doc_index": 65,
        "doc_id": "hf-ag_news-train-00065",
        "title": "",
        "score": 0.8570312261581421
      },
      {
        "rank": 3,
        "doc_index": 58,
        "doc_id": "hf-ag_news-train-00058",
        "title": "",
        "score": 0.751473605632782
      },
      {
        "rank": 4,
        "doc_index": 164,
        "doc_id": "hf-ag_news-train-00164",
        "title": "",
        "score": 0.7486827969551086
      },
      {
        "rank": 5,
        "doc_index": 132,
        "doc_id": "hf-ag_news-train-00132",
        "title": "",
        "score": 0.74542236328125
      },
      {
        "rank": 6,
        "doc_index": 133,
        "doc_id": "hf-ag_news-train-00133",
        "title": "",
        "score": 0.7407306432723999
      }
    ]
  }
]