[
  {
    "query": "What does a new Internet advertising forecast show regarding paid search listings?",
    "topk": [
      {
        "rank": 1,
        "doc_index": 76,
        "doc_id": "hf-ag_news-train-00076",
        "title": "",
        "score": 0.8466303944587708
      },
      {
        "rank": 2,
        "doc_index": 26,
        "doc_id": "hf-ag_news-train-00026",
        "title": "",
        "score": 0.5972576141357422
      },
      {
        "rank": 3,
        "doc_index": 215,
        "doc_id": "hf-ag_news-train-00215",
        "title": "",
        "score": 0.5970346927642822
      },
      {
        "rank": 4,
        "doc_index": 36,
        "doc_id": "hf-ag_news-train-00036",
        "title": "",
        "score": 0.5615299940109253
      },
      {
        "rank": 5,
        "doc_index": 13,
        "doc_id": "hf-ag_news-train-00013",
        "title": "",
        "score": 0.5546402931213379
      },
      {
        "rank": 6,
        "doc_index": 20,
        "doc_id": "hf-ag_news-train-00020",
        "title": "",
        "score": 0.5537571907043457
      }
    ]
  },
  {
    "query": "What gives orange coral its glow?",
    "topk": [
      {
        "rank": 1,
        "doc_index": 228,
        "doc_id": "hf-ag_news-train-00228",
        "title": "",
        "score": 0.8131533265113831
      },
      {
        "rank": 2,
        "doc_index": 246,
        "doc_id": "hf-ag_news-train-00246",
        "title": "",
        "score": 0.4969213604927063
      },
      {
        "rank": 3,
        "doc_index": 124,
        "doc_id": "hf-ag_news-train-00124",
        "title": "",
        "score": 0.4960768222808838
      },
      {
        "rank": 4,
        "doc_index": 151,
        "doc_id": "hf-ag_news-train-00151",
        "title": "",
        "score": 0.4537793695926666
      },
      {
        "rank": 5,
        "doc_index": 231,
        "doc_id": "hf-ag_news-train-00231",
        "title": "",
        "score": 0.4426209330558777
      },
      {
        "rank": 6,
        "doc_index": 66,
        "doc_id": "hf-ag_news-train-00066",
        "title": "",
        "score": 0.43351995944976807
      }
    ]
  },
  {
    "query": "Why will people need to eat less meat?",
    "topk": [
      {
        "rank": 1,
        "doc_index": 223,
        "doc_id": "hf-ag_news-train-00223",
        "title": "",
        "score": 0.8090032935142517
      },
      {
        "rank": 2,
        "doc_index": 231,
        "doc_id": "hf-ag_news-train-00231",
        "title": "",
        "score": 0.46430855989456177
      },
      {
        "rank": 3,
        "doc_index": 165,
        "doc_id": "hf-ag_news-train-00165",
        "title": "",
        "score": 0.45314761996269226
      },
      {
        "rank": 4,
        "doc_index": 246,
        "doc_id": "hf-ag_news-train-00246",
        "title": "",
        "score": 0.44192054867744446
      },
      {
        "rank": 5,
        "doc_index": 153,
        "doc_id": "hf-ag_news-train-00153",
        "title": "",
        "score": 0.4294635057449341
      },
      {
        "rank": 6,
        "doc_index": 175,
        "doc_id": "hf-ag_news-train-00175",
        "title": "",
        "score": 0.4207834005355835
      }
    ]
  },
  {
    "query": "Where is the pit with the world's believed deepest vertical drop located?",
    "topk": [
      {
        "rank": 1,
        "doc_index": 136,
        "doc_id": "hf-ag_news-train-00136",
        "title": "",
        "score": 0.811626672744751
      },
      {
        "rank": 2,
        "doc_index": 144,
        "doc_id": "hf-ag_news-train-00144",
        "title": "",
        "score": 0.47682106494903564
      },
      {
        "rank": 3,
        "doc_index": 146,
        "doc_id": "hf-ag_news-train-00146",
        "title": "",
        "score": 0.4473782479763031
      },
      {
        "rank": 4,
        "doc_index": 140,
        "doc_id": "hf-ag_news-train-00140",
        "title": "",
        "score": 0.4269592761993408
      },
      {
        "rank": 5,
        "doc_index": 133,
        "doc_id": "hf-ag_news-train-00133",
        "title": "",
        "score": 0.4222109019756317
      },
      {
        "rank": 6,
        "doc_index": 148,
        "doc_id": "hf-ag_news-train-00148",
        "title": "",
        "score": 0.4217880368232727
      }
    ]
  },
  {
    "query": "According to the APMF survey, which destination is currently leading as the best Asian tourism destination?",
    "topk": [
      {
        "rank": 1,
        "doc_index": 64,
        "doc_id": "hf-ag_news-train-00064",
        "title": "",
        "score": 0.8582385778427124
      },
      {
        "rank": 2,
        "doc_index": 65,
        "doc_id": "hf-ag_news-train-00065",
        "title": "",
        "score": 0.737994909286499
      },
      {
        "rank": 3,
        "doc_index": 133,
        "doc_id": "hf-ag_news-train-00133",
        "title": "",
        "score": 0.5008265376091003
      },
      {
        "rank": 4,
        "doc_index": 93,
        "doc_id": "hf-ag_news-train-00093",
        "title": "",
        "score": 0.473734050989151
      },
      {
        "rank": 5,
        "doc_index": 132,
        "doc_id": "hf-ag_news-train-00132",
        "title": "",
        "score": 0.4498310685157776
      },
      {
        "rank": 6,
        "doc_index": 151,
        "doc_id": "hf-ag_news-train-00151",
        "title": "",
        "score": 0.4301680624485016
      }
    ]
  }
]